{
  "frontend/proxy.conf.js": 1776110807.9452088,
  "frontend/src/main.ts": 1775985376.1891418,
  "frontend/src/environments/environment.ts": 1776110743.4194818,
  "frontend/src/environments/environment.prod.ts": 1775985272.674243,
  "frontend/src/app/app.component.ts": 1776630294.2323618,
  "frontend/src/app/app.config.ts": 1776065821.107635,
  "frontend/src/app/models/station.model.ts": 1776065834.9905727,
  "frontend/src/app/components/address-search/address-search.component.ts": 1776066057.4516945,
  "frontend/src/app/components/price-history/price-history.component.ts": 1776065969.292018,
  "frontend/src/app/components/filters/filters.component.ts": 1776066025.5458083,
  "frontend/src/app/components/route-panel/route-panel.component.ts": 1776065904.346276,
  "frontend/src/app/components/station-card/station-card.component.ts": 1776630333.4725058,
  "frontend/src/app/components/map/map.component.ts": 1776066218.6111684,
  "frontend/src/app/utils/navigation.util.ts": 1775994227.1256351,
  "frontend/src/app/services/app-state.service.ts": 1776111226.018746,
  "frontend/src/app/services/price-history.service.ts": 1776065849.430509,
  "frontend/src/app/services/geolocation.service.ts": 1776111187.3722777,
  "frontend/src/app/services/station.service.ts": 1776022347.409266,
  "frontend/src/app/services/ingestion-status.service.ts": 1776345789.6006923,
  "frontend/src/app/services/geocoding.service.ts": 1776061436.184562,
  "frontend/src/app/services/station-cache.service.ts": 1776009517.2304823,
  "frontend/src/app/services/routing.service.ts": 1776025306.0896454,
  "backend/app/config.py": 1776285737.440241,
  "backend/app/main.py": 1776346185.8175168,
  "backend/app/__init__.py": 1775985202.2633142,
  "backend/app/api/__init__.py": 1775985189.6773272,
  "backend/app/api/deps.py": 1775985181.6453354,
  "backend/app/api/stations.py": 1776111941.9226742,
  "backend/app/api/ingestion.py": 1776345751.4129982,
  "backend/app/models/__init__.py": 1775985119.0424016,
  "backend/app/models/station.py": 1776022306.160374,
  "backend/app/observability/__init__.py": 1775985108.7244127,
  "backend/app/observability/telemetry.py": 1775986127.1293657,
  "backend/app/workers/__init__.py": 1775985168.705349,
  "backend/app/workers/refresh.py": 1776012585.0417066,
  "backend/app/workers/ingestion.py": 1776346318.1638603,
  "backend/app/services/scoring_service.py": 1776491755.1568599,
  "backend/app/services/osm_enrichment.py": 1776346310.7846766,
  "backend/app/services/brand_logos.py": 1776009339.7111647,
  "backend/app/services/gov_client.py": 1776346558.405986,
  "backend/app/services/opening_hours.py": 1776009372.5895922,
  "backend/app/services/ingestion_state.py": 1776345180.5388641,
  "backend/app/services/station_service.py": 1776020434.248054,
  "backend/app/services/__init__.py": 1775985146.2773726,
  "backend/app/services/elasticsearch_client.py": 1776285796.1271667,
  "backend/app/services/routing_service.py": 1776023646.220595,
  "backend/tests/test_scoring.py": 1776491695.0510178,
  "backend/tests/__init__.py": 1775985226.0452898,
  "backend/tests/test_config.py": 1776285957.9219844,
  "backend/tests/test_ingestion.py": 1775985222.6082933,
  "backend/tests/test_api.py": 1776285917.2700284,
  "CLAUDE.md": 1776629019.883744,
  "README.md": 1776345904.690509,
  "frontend/src/index.html": 1775994746.4979982,
  "graphify-out/graph.html": 1776630811.1726053,
  "graphify-out/GRAPH_REPORT.md": 1776630797.1295369,
  "backend/requirements.txt": 1776286351.85458
}